Field1,Field2,Field3,Field4,Field5,Field6
9b009a73649b9475,dtt,ZFXJS,3018,6605adaff2,9ff5d0fa3318
79a82b7cd80fec19,ohj,ZEKJN,9156,46cab24bdc,885c01334bcc
aac9826e4d5d6f2d,shy,ZFXJS,3117,c318f51e32,0e93b361bd68
cbe2238e794a88c3,aby,HPETA,3806,b94b773c57,6fba64a9cd87
0a1dfe29362af842,xyn,BRZTN,0173,31d04def64,1ca2a67f685e
6adff5d085a1c166,epe,WHMMH,2556,495c88b101,9f9d067bdb11
3e0771eca4214bf3,aax,YALET,8405,e4e74a5e78,ff03f46a2756
f6ebba637bb3b5cd,nvn,XCGJZ,5840,b280d88e15,eca3c5cdb3ee
b065d5775474faed,aby,UPCKU,3806,ab20f98fb4,6fba64a9cd87
48b42194161a034d,xht,GDHNG,3117,7aacb92ea7,8216e1458160
86e9efcbf2a7d470,awn,YALET,5078,e4e74a5e78,f73feb7a333d
4adc4e15cd2afdfc,hrp,EELBQ,3257,8168be9f8a,c91578862ce3
4cd719aecb45358b,xok,CEJDR,0386,e693e4828c,b3ec4c9d680f
b402a76837e19644,kuk,VDDSX,8042,f6e6498daa,ce1df54e9ee8
e0c8200828ffdb1f,xql,CHYWM,7505,404c527a26,67302141b6ab
6cbb82dad86a1519,aby,HPETA,0350,968c906f10,a4952398329e
b7e2a7a5cb03a07e,fzd,KKCNK,8042,0c35ea85a3,3eda23408570
bbb20f313249c29b,aax,XCGJZ,8405,b8ecfec565,ff03f46a2756
be6e1bf40b8839eb,cdt,VDDSX,3368,f6e6498daa,7fe26b5821c1
6c15ece531eb98f0,eod,ZFXJS,7975,7b86245848,d3baab53488b
4396a397ff44b455,tns,YALET,9156,15e5d1cd0a,1fd2f513160b
18383dbcbef6c537,hfr,ZEKJN,8042,615c933689,93e481c1da62
297d0f161bb87ae6,aby,CEJDR,0350,e693e4828c,a4952398329e
a374e561222d502e,awn,YALET,3158,c3e95d2b81,126cec087fac
d624dfc4df9cce43,hrp,AOEID,3257,323d5c7a3e,c91578862ce3
9e631f9654b5911c,fzd,XXKFD,7945,7725a2a762,b849e7c436ed
0463e6aedc46fd71,dtt,HPETA,3018,b25c347405,9ff5d0fa3318
0597db925eecc7e2,eod,XSKBF,7429,66ae1d234b,a9fca9d38e1c
04501205f45bdfca,dau,AOEID,7975,323d5c7a3e,ac2b02ef7ee8
d246304477f9e961,jpt,KKCNK,1365,1b78fe465b,91fea781defd
f7f99e342eb2e13e,epe,CHYWM,8826,404c527a26,f7b9a23d2d85
010fc2f209f21520,xql,KKCNK,3653,1b78fe465b,5b2bd94e56d8
0ec629db5c915d06,tns,QFLHF,9156,1518d8a0dd,1fd2f513160b
4e2b906f80044c2a,pdf,TMHBL,4432,9dad72e4b8,7dbf94feed18
3e5d070e1b3554fd,ohj,ZEKJN,9156,615c933689,885c01334bcc
3382a2100fefda8e,dau,WFYCU,7975,01aeca3224,ac2b02ef7ee8
8714c08d0d75dc88,ifa,VDDSX,5840,c7dd7e8896,656c91389c29
3223f115b505ea2e,fzd,VDDSX,8042,f6e6498daa,3eda23408570
2b29bd644d5106f6,awn,VDDSX,3158,f6e6498daa,126cec087fac
ba2eb68ac3c45b88,ohj,YALET,9156,e4e74a5e78,885c01334bcc
c9eb1af3a610fc80,lxe,VDDSX,8116,5909100eed,b5c2a1cb50a7
6441e1211d059e4d,cdt,YALET,3368,0fcd53a941,7fe26b5821c1
29b70d30922659ff,efp,VDDSX,8826,955693cf0b,b7d821b0e9f2
fe8a39cd5edee1f9,azv,BRZTN,1892,31d04def64,bf702ada3b38
d3625f71cd3827cd,anm,NXLJI,4432,021a34bca1,890c045a7aee
df8f190ecb3efa97,ohj,OEVKM,9156,a0a0bb2f16,885c01334bcc
e2c002564383772b,hfr,UPCKU,8042,57ae0fcd55,93e481c1da62
f4b102648d457fbd,kuk,HPETA,8042,c4cff9c606,ce1df54e9ee8
b2578e562852b7d9,nvn,OEVKM,5840,01a0ea7bc5,eca3c5cdb3ee
74234018ed9767de,efp,ZFXJS,8826,7b86245848,90d7dfbcd946
97fdcd7832fcf145,pdf,JTKWH,8170,fa0918d977,7f083fee6747
cdb91cc7629350b0,aby,BRZTN,3806,b56db406b5,6fba64a9cd87
5dbf85fc25e7327f,awn,OTHCZ,3158,a85c233ebd,126cec087fac
9ca1842fa39d9991,tns,UPCKU,8405,b62da6b184,22acaa5ee2f9
5f33d8f311fe4f17,sab,RQIUV,2697,1718005dd9,1ff2bed74332
742c510424c9cb31,pdf,KKCNK,4432,1b78fe465b,7dbf94feed18
52dc8dc002f0fa0b,cdt,HPETA,3368,c4cff9c606,7fe26b5821c1
296babc3baf8efa5,jva,TMHBL,8376,a74ac3da77,af47b1f700a3
612b2ac88b116bcd,hrp,ENVWS,3257,959207d070,c91578862ce3
890b49e492638b03,pdf,KKCNK,8170,1b78fe465b,7f083fee6747
b952f19f03eae123,ese,NIGAT,5159,46a8394271,46b66738837b
16ec7ba63487cb0a,xht,FWVLQ,3896,82f25730b5,1a02163aa6bb
3200da7a68d777b3,awn,OTHCZ,3158,a85c233ebd,126cec087fac
616ec4750dc07328,ohj,WHMMH,9156,495c88b101,885c01334bcc
0fd015fdfe90a3d3,cdt,NIGAT,3368,46a8394271,7fe26b5821c1
b7c145b8b6ab4d2e,azv,CHYWM,2874,6ac8e29e13,2e3c012a192d
579fcb7874315dac,kuk,RQIUV,2874,28f1a3b7d2,56c637eec8e1
b16d81913d797eda,ils,XCGJZ,3018,50af3aca1a,621f9a22bbfc
7e92ce742eaf7057,aby,EELBQ,8170,8168be9f8a,3e4db7a9ed7c
3e5dd1a1fef0adff,awn,VDDSX,4452,c7dd7e8896,7f1337a84877
ce6bec08ce02f4fe,dau,TMHBL,3653,9874b1177e,23a775a3f548
bb939053ed896bcd,rvt,ZFXJS,3896,dd00c009fe,70228e2251e3
3fbe6fd7ef0b4b15,anm,CHYWM,4432,f3b114f5e4,890c045a7aee
230785213e036293,hrp,TMHBL,3257,b27e97d876,c91578862ce3
a589f2d2862497c3,kuk,NIGAT,8826,958cae8084,a72fc71438da
84ff3842ae915335,tns,NIGAT,8405,958cae8084,22acaa5ee2f9
0e3b3d96e180570a,eod,AOEID,7429,323d5c7a3e,a9fca9d38e1c
a3c1a3d71ad1b008,lxe,BRZTN,2556,31d04def64,f8ed306909ec
c4a31337ac9b7b33,jpt,OTHCZ,3018,a84aee34e1,a29fcdf6471e
57ea7e2ca52c9370,xht,UPCKU,8826,80d25e5c87,82355829c88f
42c86394b456a482,pdf,RQIUV,8170,8ba2c8b56b,7f083fee6747
25bb95fc18ef0dba,kuk,UPCKU,2874,57ae0fcd55,56c637eec8e1
14f20eae1e43acb5,awn,ENVWS,5078,38e629ecca,f73feb7a333d
1a51403fac5d4dcb,hfr,HPETA,0818,968c906f10,c4832ef1b01d
0f94cb86e9a6fc2e,aax,UPCKU,8405,ba430e4632,ff03f46a2756
f3d0e6bb6a6c739a,sab,NXLJI,7138,5b26232f6f,2434dcd4217b
d67fe055c300d73f,qup,OTHCZ,8551,a85106db31,57585ad7d9d8
eb88fbd05337b16c,efp,HPETA,8826,c4cff9c606,90d7dfbcd946
21691a4344314dc9,efp,WFYCU,8826,48912f7da6,90d7dfbcd946
b534256de83f6589,efp,JTKWH,8826,fea4d220e8,b7d821b0e9f2
14f1bb9f498754a6,cdt,VDDSX,3368,e323e8827c,7fe26b5821c1
4335059a5e8f12e4,xyn,XCGJZ,0173,dfdd6c6749,1ca2a67f685e
9c8c1127b95ea714,eod,YALET,7975,0fcd53a941,d3baab53488b
881534f77de58d57,dde,BRZTN,7138,31d04def64,e48e7813b586
9be975c6efc47119,awn,TMHBL,4452,9dad72e4b8,7f1337a84877
be63122d90c2342a,eod,XSKBF,7975,66ae1d234b,d3baab53488b
ac0ab495fd240cbf,dtt,LJIWG,3018,2f28e000cb,9ff5d0fa3318
3bb8ebd089ae87b5,aby,QFLHF,0173,b594f3fd13,3a16776a118b
be5591940954a46b,aax,VNFWT,2508,fa046519c2,cfb9eb705d84
e1412ca847fd0e3a,jpt,UPCKU,1365,57ae0fcd55,91fea781defd
029771657adc01d0,ohj,OTHCZ,9156,72e74e1c66,885c01334bcc
f8889f26350c4326,xql,NXLJI,3653,5b26232f6f,5b2bd94e56d8
41adb927be17a013,bdh,HPETA,0818,968c906f10,53290dea0f1d
917ea2c78ff7cd53,hkj,XSKBF,3158,66ae1d234b,a9b60d2f2c45
bf723e63d9db58a6,lxe,AESAY,8116,36ca294b15,b5c2a1cb50a7
887a8ce55c3efad7,ese,UPCKU,3896,91029d0233,6b0417d17725
bd9f31475753faf5,dau,HPETA,7975,802e2b8c4b,ac2b02ef7ee8
af0fe5b35ef816aa,xql,NXLJI,3653,e15b184478,5b2bd94e56d8
a7d506ed6c21bed8,aby,BRZTN,0386,31d04def64,a24ca3be142b
f61f318ea394f05c,xht,YALET,3896,0fcd53a941,1a02163aa6bb
85e042e1d4da0569,sab,HPETA,7138,802e2b8c4b,2434dcd4217b
6f2d99d6883794ae,jpt,JTKWH,3158,fa0918d977,5b7ce5fbd9db
86f9b8ba7bd90d61,hrp,YALET,0800,0fcd53a941,5707c008f598
bc90ce3903ec7c38,xql,OTHCZ,7505,a85c233ebd,67302141b6ab
05afeb0e727eb7cc,cdt,WFYCU,3368,48912f7da6,7fe26b5821c1
1beb480832526387,azv,HPETA,2010,c4cff9c606,f381f8ea90d6
ffc6791c25b0d1c0,fzd,YALET,8551,e4e74a5e78,254e36fb7c79
3c65a7cd2dad1115,tns,UPCKU,9156,b62da6b184,1fd2f513160b
0204756f41581d2c,sab,ZEKJN,2874,02f63cfcce,92b397814434
6f2d1489d92429e6,bdh,GDHNG,0818,7aacb92ea7,53290dea0f1d
0b2c22d2dd1a84ec,cdt,XSKBF,3343,66ae1d234b,8c227b0aa63a
0aea6965514971ef,eod,GDHNG,7429,7aacb92ea7,a9fca9d38e1c
df36c9316021e783,syo,UPCKU,3257,91029d0233,1a43bf9171ee
811c7e198a3d7b98,xyn,XCGJZ,0173,cf6524e0f3,1ca2a67f685e
651bd609b0e1357d,kuk,LJIWG,2874,609be4e3af,56c637eec8e1
359020c0c6c285e7,nnh,AOEID,9156,323d5c7a3e,ac738fd07b66
a5a1ac5f5cb26cc7,uff,VDDSX,7505,5909100eed,3ca333a7c9b1
215c3daf225ba66b,hrp,WFYCU,3257,48912f7da6,c91578862ce3
a990ac7377b07f49,uff,ZFXJS,3653,7b86245848,e20da66a42ff
21f49b3d8514cf13,aby,HPETA,0173,b25c347405,3a16776a118b
2090c48080166cfe,aax,UPCKU,8405,ab20f98fb4,ff03f46a2756
00740082dd65fade,aax,ZEKJN,8405,7d7bcd05fd,ff03f46a2756
59ae24385525ceb1,sab,XCGJZ,2697,b280d88e15,1ff2bed74332
6c65454ab7361552,jpt,UPCKU,3018,ab20f98fb4,a29fcdf6471e
8ef99679cb3a9e83,fzd,WHMMH,8551,495c88b101,254e36fb7c79
2f781c0b6a98033f,efp,ZEKJN,8826,615c933689,90d7dfbcd946
bcb39bac52c0fa82,azv,OTHCZ,2010,a85106db31,f381f8ea90d6
d44d7a5a95b1f48f,anm,HPETA,4432,968c906f10,890c045a7aee
389fc38e98832227,aby,YALET,7138,15e5d1cd0a,0ab3bade071e
43edaf256af7094b,syo,KKCNK,3257,0c35ea85a3,1a43bf9171ee
5180dec90e7dbfb5,nvn,CEJDR,6915,e693e4828c,1f930fb3b689
313acf5ae50e6f36,jpt,FWVLQ,3018,82f25730b5,a29fcdf6471e
89029a6dbe0538a4,sab,JTKWH,2697,8df72049c2,c9c15003a598
7f2b57d8041e73ee,lxe,VNFWT,8116,a3b7bbf0df,b5c2a1cb50a7
6bd03b11f12195c9,ohj,HPETA,9156,73857b2492,885c01334bcc
0b456299133c10a9,efp,EELBQ,7138,9ba3084eef,6dcaf75744de
fa8c53ea64bbd733,efp,ZEKJN,8826,05c56ff380,b7d821b0e9f2
67328aba864f5d02,azv,QFLHF,1892,b594f3fd13,bf702ada3b38
3b55b7e32b2d9669,jpt,XCGJZ,1365,b280d88e15,91fea781defd
bc9f6045fd146087,awn,CEJDR,5078,e693e4828c,f73feb7a333d
85ef996f99b647d5,xyn,UPCKU,7975,b62da6b184,99ed5c11aee9
d7978eb5140caf19,jva,CHYWM,8376,6ac8e29e13,af47b1f700a3
abe135e38b97fa2e,jva,HPETA,8376,b25c347405,af47b1f700a3
0d9dc81d4e28bb71,anm,FWVLQ,4676,fdccf26914,9c02db01a4e7
c02e4c9a2ab0d058,anm,ZEKJN,4432,615c933689,890c045a7aee
d1066a73800b4845,fkk,JTKWH,1892,59250740f0,ae8011b6b2c4
c28d5f0e60d152a1,xyn,QFLHF,7975,1518d8a0dd,99ed5c11aee9
21ce52a719b4f1df,fzd,JTKWH,8551,fa0918d977,254e36fb7c79
310478f2a03aeda0,xok,XCGJZ,0386,cf6524e0f3,b3ec4c9d680f
6afd6f2b38439a63,shy,VDDSX,2697,955693cf0b,4df36ec05fde
192673be00d7f3e0,pdf,NIGAT,8170,e66b861988,7f083fee6747
79ba4c4820de6646,fzd,TMHBL,7945,a74ac3da77,b849e7c436ed
1365542b960d9dd6,dau,HPETA,7975,73857b2492,ac2b02ef7ee8
155cf48cdfa3da75,hfr,UPCKU,0818,ba430e4632,c4832ef1b01d
6c87da0bcc33196c,aby,HPETA,0386,b94b773c57,a24ca3be142b
662fae194ceed928,xht,ZFXJS,3117,6605adaff2,8216e1458160
a6fad6a427c5cb1a,rvt,GDHNG,3896,7aacb92ea7,70228e2251e3
929b515a83340abc,awn,OTHCZ,5078,a84aee34e1,f73feb7a333d
1891267d52f8fc90,hfr,ENVWS,0818,959207d070,c4832ef1b01d
37d6311ee6a69f25,awn,UPCKU,7505,b62da6b184,ad7b22e6966c
4e35c7ba88f49b54,ese,JTKWH,5159,59250740f0,46b66738837b
aa790f534b637451,epe,YALET,2556,c3e95d2b81,9f9d067bdb11
2e41580a977e3ba1,hrp,HPETA,3257,73857b2492,c91578862ce3
8d5f08d10598dc30,efp,XCGJZ,8826,b8ecfec565,90d7dfbcd946
ac5f242d306d473c,anm,KKCNK,4676,1b78fe465b,9c02db01a4e7
221f27110a2e1c18,azv,HPETA,1892,cb86bc6516,bf702ada3b38
a64f3099a346f467,hrp,YALET,0800,c3e95d2b81,5707c008f598
a1a9d14727819058,fkk,YALET,1892,0fcd53a941,ae8011b6b2c4
52916fc874d5cb53,dau,XXKFD,3653,eb495dd19f,fe629cd71346
8c5f8773bfea67ae,aby,JTKWH,0350,fea4d220e8,a4952398329e
d218c4a291c4e80c,anm,UPCKU,4676,3757ef51cc,9c02db01a4e7
2b0e6eca5d82e0e8,dtt,UPCKU,0170,57ae0fcd55,48be77ae2738
88b8d25517329416,azv,OEVKM,2010,a0a0bb2f16,f381f8ea90d6
6811fe2cd42ca86f,uff,RQIUV,7505,8ba2c8b56b,3ca333a7c9b1
debbebde78355500,xht,CHYWM,8826,f3b114f5e4,82355829c88f
af0afc87757a8b08,sab,KKCNK,2874,0c35ea85a3,92b397814434
ff00b4bc45a52ec6,bhn,HPETA,2508,b94b773c57,b2da59d1d2db
33a58f888ad247e1,azv,UPCKU,2874,3757ef51cc,2e3c012a192d
49e7318cb0c5dc72,hfr,ENVWS,3653,38e629ecca,7c9a0dc53ddc
d22596c1cce82344,nnh,VDDSX,3686,5909100eed,0a60a40469ad
724ef137e92d3789,azv,JTKWH,1892,fa0918d977,bf702ada3b38
eaaafe4115f071a0,dau,ZFXJS,3653,7b86245848,fe629cd71346
f89e72f3f47e4f82,ifa,CHYWM,3806,f3b114f5e4,e6d88001c0d9
94550fe60d8a5877,aby,VNFWT,0350,a3b7bbf0df,a4952398329e
9298691f40b578d3,xql,HPETA,7505,802e2b8c4b,67302141b6ab
383e61340b519e2a,tns,XXKFD,9156,7725a2a762,1fd2f513160b
dc69e6ccc320d18d,aby,NXLJI,0350,bb7e53a07a,a4952398329e
01482464a668a2ed,jpt,ENVWS,1365,38e629ecca,91fea781defd
0c0424a77e75f2fa,pdf,NXLJI,8170,bb7e53a07a,7f083fee6747
02181aadcac6eddf,wap,CHYWM,4676,6ac8e29e13,67d3465c632b
0bb380b269bace66,xok,ZEKJN,0386,02f63cfcce,b3ec4c9d680f
9d3978fe09a8de93,nvn,CEJDR,3117,e693e4828c,562389d675fb
2e5674e7f0e574e3,sab,CEJDR,2874,e693e4828c,92b397814434
a042327e461f7ba4,aax,XSKBF,2508,66ae1d234b,cfb9eb705d84
698b6a28d52c2e66,shy,FWVLQ,0350,82f25730b5,0b8bdc12134b
cae855a59b091356,jpt,ZEKJN,1365,02f63cfcce,91fea781defd
c0db74c543d9a9b2,aby,ZFXJS,3806,c318f51e32,6fba64a9cd87
10920ae787b0cdce,shy,TMHBL,3117,9dad72e4b8,0e93b361bd68
8a1e07cf4769aef4,epe,LJIWG,8826,2f28e000cb,f7b9a23d2d85
b5a7e04db1d1ca2a,nnh,VDDSX,3686,7065496652,0a60a40469ad
cb62cedcd796381a,aby,HPETA,0350,c4cff9c606,a4952398329e
440818ee9320f305,jpt,QFLHF,1365,1518d8a0dd,81d3de96600a
0cd3631c56f9f0e8,uff,TMHBL,7505,b27e97d876,3ca333a7c9b1
4865d6391de3c155,hfr,HPETA,8042,74371adadf,93e481c1da62
e3315fd1aa193e03,dau,XCGJZ,3653,b8ecfec565,fe629cd71346
7a7e162ae0547015,aby,JTKWH,0350,fa0918d977,a4952398329e
e3db0e4af3606bdf,lxe,JTKWH,8116,fa0918d977,b5c2a1cb50a7
bb618fa42363274e,xht,TMHBL,3117,a74ac3da77,8216e1458160
934836c83367fecc,dau,HPETA,5078,b94b773c57,29c25f5c4bbd
939cbd5674efb724,fzd,UPCKU,8551,ab20f98fb4,254e36fb7c79
30333debf7ebc58b,ese,VNFWT,5159,fa046519c2,46b66738837b
3b7f85fe3bd49a40,xyn,ZEKJN,0173,02f63cfcce,1ca2a67f685e
69c9caf0c08c1549,dtt,TMHBL,3018,b27e97d876,9ff5d0fa3318
fcd1bbdf83ec7058,kuk,OTHCZ,8042,a85c233ebd,ce1df54e9ee8
4c5493caba0eed1e,epe,FWVLQ,8826,82f25730b5,f7b9a23d2d85
cc3734bd08448127,hfr,RQIUV,3653,8ba2c8b56b,7c9a0dc53ddc
03b051452aa5da17,azv,XCGJZ,1892,b8ecfec565,bf702ada3b38
dd0ccb7d1f50c216,bhn,NIGAT,2508,958cae8084,b2da59d1d2db
6e22ba72d2197939,anm,XCGJZ,4676,cf6524e0f3,9c02db01a4e7
ca3b15b3d31de1cb,efp,WFYCU,8826,48912f7da6,90d7dfbcd946
b782afc2c13ae487,anm,XCGJZ,4432,50af3aca1a,890c045a7aee
8612c3b7a4fbbf78,lxe,YALET,8116,0fcd53a941,b5c2a1cb50a7
cfe5a5f1a0c1a4a8,jpt,NXLJI,3158,e15b184478,5b7ce5fbd9db
38dcb739f6f2d604,epe,HPETA,2556,c4cff9c606,9f9d067bdb11
b84bb50726878b01,anm,HPETA,4432,74371adadf,890c045a7aee
3835f3df904e0b83,ifa,XCGJZ,5078,dfdd6c6749,c48015c59242
52251bf947ba55a4,fzd,JTKWH,8551,fa0918d977,254e36fb7c79
765e6f298a9b7ae7,ils,XSKBF,3018,66ae1d234b,621f9a22bbfc
8395fc03743ec7b6,nnh,AESAY,9156,36ca294b15,ac738fd07b66
043a409426b60e33,aby,HPETA,7138,74371adadf,0ab3bade071e
553e273adccf7e37,ils,QFLHF,3018,b594f3fd13,621f9a22bbfc
b8f7b1b782e676bd,sab,VDDSX,2697,f6e6498daa,c9c15003a598
44c27701ddc48e8a,aby,HPETA,3806,c4cff9c606,6fba64a9cd87
e1c476a052b8a9d4,kuk,ENVWS,2874,959207d070,56c637eec8e1
96d64d181f805efc,pdf,KKCNK,4432,99e7450682,7dbf94feed18
a174ef5410c268ee,nvn,WFYCU,3117,48912f7da6,562389d675fb
a90650a44d30db64,dau,XCGJZ,5078,b8ecfec565,29c25f5c4bbd
70d40eade077fceb,xht,OEVKM,3896,01a0ea7bc5,1a02163aa6bb
a147318207a82e3f,aby,XCGJZ,8170,b280d88e15,3e4db7a9ed7c
b9521ae7639107a0,jpt,WFYCU,3018,48912f7da6,a29fcdf6471e
4d23bfc948811187,xht,ZFXJS,8826,7b86245848,82355829c88f
e25af3fba96d442b,anm,HPETA,4676,c4cff9c606,9c02db01a4e7
38731ecc9a4ae583,anm,XXKFD,4676,eb495dd19f,9c02db01a4e7
2f4e2202fe498992,aby,YALET,0386,e4e74a5e78,a24ca3be142b
e805e45a9a45ce58,dde,BRZTN,7138,b56db406b5,e48e7813b586
3d2e04a20a731a27,kuk,HPETA,8826,b25c347405,a72fc71438da
baf621ee0204a9c1,shy,ZFXJS,2697,c318f51e32,4df36ec05fde
a074f446fea13791,gnd,NIGAT,5670,46a8394271,9a663624d96b
e3c542e0f79f4753,sab,NXLJI,7138,021a34bca1,2434dcd4217b
2a67a75b18ac0652,xht,UPCKU,3896,94cb44bf24,1a02163aa6bb
3d9bb3559b6fa410,aby,RQIUV,8170,28f1a3b7d2,3e4db7a9ed7c
ee5f5fe52ecdf610,anm,OTHCZ,4676,a85c233ebd,9c02db01a4e7
d3356d0bfcca8347,xok,FWVLQ,0386,82f25730b5,b3ec4c9d680f
7b7304a4224354b3,hfr,ZFXJS,8042,7fef74c1d6,93e481c1da62
730ee0427cae0a69,ils,NXLJI,3018,021a34bca1,621f9a22bbfc
c446c9bd57f01ff8,awn,NIGAT,7505,e66b861988,ad7b22e6966c
64fc03445b6891c9,xht,EELBQ,3896,8168be9f8a,1a02163aa6bb
797d21f508b590da,anm,UPCKU,4432,94cb44bf24,890c045a7aee
3fb765890a0a7954,sab,WFYCU,2874,48912f7da6,92b397814434
45e5f08cb3a7284a,tns,HPETA,9156,968c906f10,1fd2f513160b
693aef68d5d4cfa6,aax,BRZTN,8405,31d04def64,ff03f46a2756
0bb9693c224f8807,aby,JTKWH,0350,8df72049c2,a4952398329e
a07a75c04b4cbb7f,dau,XCGJZ,5078,b8ecfec565,29c25f5c4bbd
e4f14a119d52d7cc,ifa,HPETA,5078,73857b2492,c48015c59242
dea1f83d18a8752a,nnh,EELBQ,3686,8168be9f8a,0a60a40469ad
8547d06c8ac0d772,awn,VDDSX,5078,f6e6498daa,f73feb7a333d
e1be03ce5b1bcfcf,xyn,OTHCZ,7975,a85c233ebd,99ed5c11aee9
629189d634443988,lxe,WFYCU,8116,48912f7da6,b5c2a1cb50a7
1b6f0efdcd23abce,anm,CEJDR,4676,e693e4828c,9c02db01a4e7
62907de6f6a97713,pdf,RQIUV,8170,8ba2c8b56b,7f083fee6747
20b9dca0a9cd0d34,anm,CHYWM,4676,6ac8e29e13,9c02db01a4e7
5d61a6f297aa2f3f,awn,YALET,3158,15e5d1cd0a,126cec087fac
4c866597203428e5,nvn,KKCNK,6915,ac3b04f2bf,1f930fb3b689
80e04b96bc4aac24,aax,AESAY,8405,36ca294b15,ff03f46a2756
252b6a44ff437acb,bdh,HPETA,0818,b25c347405,53290dea0f1d
dfc6fffae40f0f7d,ils,HPETA,0350,802e2b8c4b,9657c298a267
621e603d29e476ae,lxe,KKCNK,2556,1b78fe465b,f8ed306909ec
d7db5018e9e33b2f,cdt,OTHCZ,3343,a85c233ebd,8c227b0aa63a
320a6c653620a06d,shy,OTHCZ,3117,72e74e1c66,0e93b361bd68
36984a5956f742dd,anm,ENVWS,4432,38e629ecca,890c045a7aee
99d3fcf874e26b88,xql,ZEKJN,3653,615c933689,5b2bd94e56d8
430f0798a3861b77,kuk,EELBQ,8826,9ba3084eef,a72fc71438da
2dc11046f9f31ae7,azv,JTKWH,2010,fea4d220e8,f381f8ea90d6
8d812430ecdabe71,xht,XXKFD,3117,5712914ce7,8216e1458160
a155988db3cb6836,jpt,MEFJX,3018,6aa16348af,a29fcdf6471e
e19975bf8b70f946,xht,HPETA,8826,b25c347405,82355829c88f
ba998cc849f88359,shy,NIGAT,3117,46a8394271,0e93b361bd68
c422fd2b711f887f,shy,EELBQ,3117,8168be9f8a,0e93b361bd68
0b834a81bdbda9af,kuk,RQIUV,8826,1718005dd9,a72fc71438da
1117dae70f3aee3e,hfr,ENVWS,0818,38e629ecca,c4832ef1b01d
bdecd6845ba870d2,jpt,HPETA,1365,802e2b8c4b,91fea781defd
ed20d05ef42a5bc6,cdt,TMHBL,5360,9874b1177e,29ec37bb674d
2fe30bd3bb45217d,xht,XCGJZ,3896,50af3aca1a,1a02163aa6bb
e83f569b15c0b11d,ese,WFYCU,5159,01aeca3224,46b66738837b
d137c0e056c3b69e,xyn,CHYWM,7975,6ac8e29e13,99ed5c11aee9
e169c27876e9e849,xql,NXLJI,3653,021a34bca1,5b2bd94e56d8
199198d0cd46f3f5,tns,XCGJZ,2697,dfdd6c6749,4abf97c35882
59a6949d52e1afcf,eod,HPETA,7975,b94b773c57,d3baab53488b
a743cc560f7cd73c,nnh,VDDSX,9156,5909100eed,ac738fd07b66
35b11a20bdef9fcc,shy,ENVWS,3117,959207d070,0e93b361bd68
27616984d8ca0d09,syo,VNFWT,3257,a3b7bbf0df,1a43bf9171ee
e4c3ff2bb5c36ce4,dau,XXKFD,3653,5712914ce7,fe629cd71346
7e2fc1d7f8644a88,xht,VNFWT,3896,a3b7bbf0df,1a02163aa6bb
c900dacc5050482f,dau,NXLJI,7975,021a34bca1,ac2b02ef7ee8
fca7f835284427cf,aax,XSKBF,1892,66ae1d234b,6f3b3278fa3d
73ad5fd24bf4cc62,aax,OTHCZ,1892,a85106db31,6f3b3278fa3d
c57b31560caf3b15,jva,JTKWH,8376,59250740f0,af47b1f700a3
bfb548a8ac7a7169,aby,HPETA,0386,802e2b8c4b,a24ca3be142b
8de86c6f3c635c48,qup,HPETA,8551,b25c347405,57585ad7d9d8
d3ff283ebede6d7c,hrp,QFLHF,0800,b594f3fd13,5707c008f598
22b9a62d9b89d290,nnh,WHMMH,3686,495c88b101,0a60a40469ad
1a755c6219ca546d,hrp,XXKFD,3257,5712914ce7,c91578862ce3
1507a8acf7c551ab,kuk,UPCKU,2874,b62da6b184,56c637eec8e1
9ec6e1a1209c57bd,fzd,XCGJZ,8551,b8ecfec565,254e36fb7c79
c53f7df7bd6d4585,bhn,OTHCZ,2508,a85106db31,b2da59d1d2db
292dd8d220bfba85,uff,GDHNG,3653,7aacb92ea7,e20da66a42ff
f825938b813bcd34,dtt,WFYCU,0170,48912f7da6,48be77ae2738
b20a5a1e04c96d94,kuk,KKCNK,2874,1b78fe465b,56c637eec8e1
cddae2f8619cb6ec,anm,RQIUV,4432,8ba2c8b56b,890c045a7aee
c6aa57c3bca121a0,pdf,HPETA,4432,73857b2492,7dbf94feed18
9f47414b2aa769b5,dau,FWVLQ,3653,fdccf26914,23a775a3f548
82fed076b2a3bb72,hrp,OTHCZ,3257,a85106db31,c91578862ce3
00b27eaf9b52b48b,pdf,HPETA,8170,b94b773c57,7f083fee6747
1c426d409e11654c,uff,BRZTN,7505,b56db406b5,3ca333a7c9b1
cebd6ef45230e595,dau,ZFXJS,7975,7fef74c1d6,ac2b02ef7ee8
5cac1af38981a444,xht,XCGJZ,3117,b280d88e15,8216e1458160
be13d2eb4d199c8f,lxe,XCGJZ,8116,dfdd6c6749,b5c2a1cb50a7
604382fca4189006,ils,XXKFD,3018,eb495dd19f,621f9a22bbfc
591da9e7ff8614ee,wap,UPCKU,4676,94cb44bf24,67d3465c632b
f986491e01db6e0f,awn,ZEKJN,5078,615c933689,f73feb7a333d
893e08ab6bf3f968,fzd,YALET,8551,15e5d1cd0a,254e36fb7c79
a0fe1f0d9d26976a,nnh,FWVLQ,9156,82f25730b5,ac738fd07b66
c9fb051b6e323a4a,rvt,CHYWM,3896,6ac8e29e13,70228e2251e3
a3465377e8423897,ifa,XCGJZ,3806,b8ecfec565,e6d88001c0d9
8efa06e5ad012135,dtt,AESAY,3018,36ca294b15,9ff5d0fa3318
cb4b3f0b1acf26c4,aby,NXLJI,7138,5b26232f6f,0ab3bade071e
a707ce1806cf4632,rvt,HPETA,3896,cb86bc6516,70228e2251e3
be0226f0fe4cf30a,eod,XCGJZ,7429,cf6524e0f3,a9fca9d38e1c
daa600e738c2042b,jpt,YALET,3158,0fcd53a941,5b7ce5fbd9db
20ff696bebb593e4,ils,EELBQ,3018,9ba3084eef,621f9a22bbfc
0064d71e9fee4d73,azv,NIGAT,2010,958cae8084,f381f8ea90d6
39a09e62625c6310,awn,XCGJZ,4452,50af3aca1a,7f1337a84877
c3f5e6d09137f510,awn,KKCNK,4452,99e7450682,7f1337a84877
3314df7ba8ea430e,xok,XXKFD,0386,7725a2a762,b3ec4c9d680f
e145c511608f9c51,shy,VNFWT,0350,a3b7bbf0df,0b8bdc12134b
0e5c09595e44de4c,xht,CHYWM,3117,6ac8e29e13,8216e1458160
3766c95624466174,nvn,YALET,5840,c3e95d2b81,eca3c5cdb3ee
e5a6b5a08bfcb88b,nvn,NXLJI,3117,5b26232f6f,562389d675fb
65fdc90bfd9d5414,bdh,VDDSX,0818,5909100eed,53290dea0f1d
1880ead3b92839fa,kuk,VNFWT,8042,fa046519c2,ce1df54e9ee8
db2fadc3c7e0c5e1,xyn,NIGAT,3686,46a8394271,4072b61a5e5c
bf9ffe0cdd4844d2,xyn,OTHCZ,7975,a85c233ebd,99ed5c11aee9
c816fb57099e28c5,aby,YALET,7138,0fcd53a941,0ab3bade071e
4970b5abb28ce4e6,jpt,NXLJI,1365,bb7e53a07a,91fea781defd
74ed92ce0810aacd,aby,XXKFD,8170,7725a2a762,3e4db7a9ed7c
f06c71006d7c9211,ifa,HPETA,3806,802e2b8c4b,e6d88001c0d9
571c573afc42f369,xht,OEVKM,3896,01a0ea7bc5,1a02163aa6bb
51dcc7b2f970f61f,xht,GDHNG,3117,7aacb92ea7,8216e1458160
9729b12a9986145f,cdt,NIGAT,3343,46a8394271,8c227b0aa63a
ff51a5bfded3126d,aby,ZFXJS,8170,dd00c009fe,3e4db7a9ed7c
43c8e458f5cc821b,aby,XCGJZ,0350,50af3aca1a,a4952398329e
96ed67153a4cc391,cdt,KKCNK,5360,ac3b04f2bf,29ec37bb674d
11ef9d1db784f11d,fzd,ZFXJS,8042,7b86245848,3eda23408570
8d846d3fa86b7568,dtt,CEJDR,3018,e693e4828c,9ff5d0fa3318
ea6ca29cc1657b7c,aby,AOEID,0386,323d5c7a3e,a24ca3be142b
b646ecc85015e90e,anm,KKCNK,4432,0c35ea85a3,890c045a7aee
ca61bb121e40435e,ifa,HPETA,5078,74371adadf,c48015c59242
21a89d0a4fdbf54c,hfr,KKCNK,8042,ac3b04f2bf,93e481c1da62
95075a9c25e5aeb8,sab,QFLHF,7138,b594f3fd13,2434dcd4217b
6e90375ecd34608a,uff,QFLHF,3653,1518d8a0dd,e20da66a42ff
711b41685e3bb927,xql,YALET,7505,15e5d1cd0a,67302141b6ab
596d2b04750aef52,epe,ZFXJS,2556,c318f51e32,9f9d067bdb11
b2fafec9adbb6204,nvn,WFYCU,6915,48912f7da6,1f930fb3b689
84728603cd7710a7,fkk,KKCNK,1892,1b78fe465b,ae8011b6b2c4
10b795bc231d60f0,sab,HPETA,2874,802e2b8c4b,92b397814434
7b3567f648e8208b,dde,FWVLQ,7138,fdccf26914,e48e7813b586
b2d1b04919e0ea23,dau,ENVWS,3653,38e629ecca,23a775a3f548
1df5a4b63e31ed9c,uff,UPCKU,7505,b62da6b184,3ca333a7c9b1
bba5e1a443bfe0f1,awn,JTKWH,3158,fea4d220e8,126cec087fac
8c7da55a2ad8b749,ohj,HPETA,9156,73857b2492,885c01334bcc
9bb12bdde839d233,hfr,FWVLQ,3653,82f25730b5,7c9a0dc53ddc
779f5a6e328c1976,xql,OEVKM,3653,a0a0bb2f16,5b2bd94e56d8
484f570fda41689c,tns,GDHNG,2697,7aacb92ea7,4abf97c35882
13046f4c30496a93,aax,UPCKU,8405,ba430e4632,ff03f46a2756
24bdd0b5e45a93fa,hfr,JTKWH,8042,8df72049c2,93e481c1da62
363933b7f9dfba55,xyn,UPCKU,0173,3757ef51cc,1ca2a67f685e
4df28b6195ae5865,kuk,VDDSX,8042,fb424adf68,ce1df54e9ee8
618e6e4220d2cfd0,wap,LJIWG,4676,609be4e3af,67d3465c632b
a70af33631841070,dtt,HPETA,3018,b25c347405,9ff5d0fa3318
820bd51e9fed31b0,xql,WHMMH,3653,495c88b101,5b2bd94e56d8
fe1d10782f2093b6,shy,JTKWH,2697,59250740f0,4df36ec05fde
17552b9612623a68,aby,HPETA,8170,c4cff9c606,3e4db7a9ed7c
af9f7e5749c1c22d,ese,ENVWS,3896,38e629ecca,6b0417d17725
569340d6f0795bcd,ifa,NIGAT,3806,958cae8084,e6d88001c0d9
b03e1d8a15f0e92f,dau,HPETA,3653,802e2b8c4b,23a775a3f548
208473b224c00c83,epe,RQIUV,8826,8ba2c8b56b,f7b9a23d2d85
14ad466154233387,fzd,KKCNK,8042,ac3b04f2bf,3eda23408570
cd4b9025282443bb,shy,RQIUV,3117,28f1a3b7d2,0e93b361bd68
f280bad7ce9eddb6,xyn,LJIWG,7975,2f28e000cb,99ed5c11aee9
07bb319482886f65,nvn,RQIUV,3117,28f1a3b7d2,562389d675fb
8fe368d1c5a23eb1,bhn,HPETA,2508,968c906f10,b2da59d1d2db
5c59e66e358238d1,aax,UPCKU,8405,80d25e5c87,ff03f46a2756
2fdf88d217b3d78e,shy,UPCKU,3117,3757ef51cc,0e93b361bd68
0da3d575f9eddebf,dde,NXLJI,7138,e15b184478,e48e7813b586
d2a26f1a5fd6649d,tns,NIGAT,8405,46a8394271,22acaa5ee2f9
cca90e43bf3f0028,awn,XCGJZ,7505,dfdd6c6749,ad7b22e6966c
af3e5541f88ebf2b,nnh,AOEID,9156,323d5c7a3e,ac738fd07b66
ba217a753b45f08b,tns,GDHNG,8405,7aacb92ea7,22acaa5ee2f9
48989de64568f87c,lxe,ENVWS,8116,38e629ecca,b5c2a1cb50a7
a1559995642ff2c9,ifa,ZEKJN,5840,02f63cfcce,656c91389c29
b5efd30cfa5c876f,hrp,XSKBF,3257,66ae1d234b,c91578862ce3
35ae1ba80c1436da,xyn,HPETA,0173,c4cff9c606,1ca2a67f685e
a5de23c82e8ce57f,efp,YALET,8826,0fcd53a941,90d7dfbcd946
385131af924a336f,efp,JTKWH,8826,fa0918d977,b7d821b0e9f2
2f991bacf63390fd,lxe,OTHCZ,2556,72e74e1c66,f8ed306909ec
6c30bdfd1cef1a96,lxe,VDDSX,8116,fb424adf68,b5c2a1cb50a7
a82ee73e61879bb9,gnd,YALET,5670,e4e74a5e78,9a663624d96b
041982c858ec08c9,eod,JTKWH,7429,8df72049c2,a9fca9d38e1c
689c38a587b1a7b6,awn,ZEKJN,5078,02f63cfcce,f73feb7a333d
197923e7d597371b,cdt,HPETA,5360,b25c347405,29ec37bb674d
081c110b2fbaafd4,uff,XCGJZ,3653,50af3aca1a,e20da66a42ff
11e6aa56fbaf3d9b,cdt,WFYCU,5360,48912f7da6,29ec37bb674d
41a1bf7d61e3694f,xyn,VDDSX,7975,7065496652,99ed5c11aee9
724336fa4e3996fc,kuk,ZEKJN,8826,02f63cfcce,a72fc71438da
0b54c674762d6557,shy,JTKWH,2697,fa0918d977,4df36ec05fde
b73f877522568665,bdh,CHYWM,0818,f3b114f5e4,53290dea0f1d
ef39f0ba338e0895,sab,ZFXJS,2874,c318f51e32,92b397814434
9393652acab5cb7e,ese,ZFXJS,5159,7b86245848,46b66738837b
8f6a9fdc4e8b87b9,awn,HPETA,3158,c4cff9c606,126cec087fac
46c28b089d981a38,jpt,ENVWS,3018,38e629ecca,a29fcdf6471e
2dda64a699de2f19,hrp,UPCKU,0800,ab20f98fb4,5707c008f598
062326cb1ad33155,hkj,BRZTN,3158,b56db406b5,a9b60d2f2c45
8c4a5e934ee56787,tns,HPETA,8405,968c906f10,22acaa5ee2f9
dcf18c63d7bffc15,ifa,HPETA,5078,73857b2492,c48015c59242
90b2d81a11b055b9,fzd,ENVWS,7945,959207d070,b849e7c436ed
57fcdd8193ad603e,tns,OTHCZ,9156,a85106db31,1fd2f513160b
4f6ddb6bfdd8a8ed,lxe,VDDSX,8116,f6e6498daa,b5c2a1cb50a7
3d6a57245b2a81f0,cdt,HPETA,5360,968c906f10,29ec37bb674d
6863d812b57a945a,xql,YALET,3653,15e5d1cd0a,5b2bd94e56d8
5de9f95f24a08541,ifa,NXLJI,3806,c541ed02ba,e6d88001c0d9
1f373edc15632b5a,wap,VDDSX,4676,e323e8827c,67d3465c632b
b85082dcd9965260,efp,OTHCZ,7138,a85106db31,6dcaf75744de
4d9cdf5f5398c171,ifa,UPCKU,5840,ab20f98fb4,656c91389c29
35f3aacb39e6ca62,awn,VDDSX,3158,7065496652,126cec087fac
26ebb63a254dfea1,jpt,YALET,3158,15e5d1cd0a,5b7ce5fbd9db
9e66d661ea3b513e,efp,XCGJZ,8826,b280d88e15,90d7dfbcd946
0369a601d4a658eb,dde,TMHBL,7138,b27e97d876,e48e7813b586
330ef1f01e78ab51,aax,CHYWM,8405,f3b114f5e4,ff03f46a2756
71ab4199e5c5e328,pdf,HPETA,8170,968c906f10,7f083fee6747
15a173938d26b939,jpt,VNFWT,3018,fa046519c2,a29fcdf6471e
5c2d5cb55333bf14,jpt,ZFXJS,1365,6605adaff2,81d3de96600a
0d600744fcda761e,pdf,JTKWH,8170,fa0918d977,7f083fee6747
3b2a017e2c95903f,aby,VDDSX,8170,fb424adf68,3e4db7a9ed7c
85094606d9623845,azv,HPETA,2010,73857b2492,f381f8ea90d6
afb11d71be0b0490,rvt,FWVLQ,3896,82f25730b5,70228e2251e3
32be8fa74773c93d,tns,HPETA,9156,968c906f10,1fd2f513160b
c4a6152ddccc392a,aby,XXKFD,8170,5712914ce7,3e4db7a9ed7c
8b2d48b0f0d120d4,jpt,VDDSX,1365,c7dd7e8896,91fea781defd
8333388229e24fd6,aby,ZFXJS,0386,dd00c009fe,a24ca3be142b
f9c9b4a7e6ed3313,bhn,EELBQ,2508,9ba3084eef,b2da59d1d2db
b496252e392279b0,nvn,XSKBF,5840,66ae1d234b,eca3c5cdb3ee
e7130eb39b026867,xok,UPCKU,0386,80d25e5c87,b3ec4c9d680f
2946b5cfcb464b56,hfr,KKCNK,0818,1b78fe465b,c4832ef1b01d
9b4c7c9405b62b86,ese,UPCKU,5159,ba430e4632,46b66738837b
d2385fdea2a902fc,nnh,HPETA,9156,c4cff9c606,ac738fd07b66
915fcb246bc9a734,xok,XCGJZ,0386,50af3aca1a,b3ec4c9d680f
3d9bc45c5e72822a,awn,OTHCZ,3158,a85c233ebd,126cec087fac
6ffdb9dfeb36f577,fzd,UPCKU,8551,57ae0fcd55,254e36fb7c79
ed5be1b1af8e9400,sab,CHYWM,2697,6ac8e29e13,1ff2bed74332
031a7eee60432b59,hfr,NIGAT,0818,e66b861988,c4832ef1b01d
71169ca56cc3958f,aby,VDDSX,0173,c7dd7e8896,3a16776a118b
0f487bce855be651,azv,HPETA,2010,73857b2492,f381f8ea90d6
5e977e61639d6a6f,aax,UPCKU,8405,91029d0233,ff03f46a2756
1bbf79a253ea247e,bdh,RQIUV,8826,8ba2c8b56b,f1691133edc2
2a25f80754420ea5,nvn,OTHCZ,3117,72e74e1c66,562389d675fb
cc4130926e7f05fb,xql,YALET,3653,0fcd53a941,5b2bd94e56d8
e8c98028df17fac4,aby,VDDSX,0173,fb424adf68,3a16776a118b
2f6c928054303b47,jva,QFLHF,8376,b594f3fd13,af47b1f700a3
be53d623aa3f83cb,xht,XXKFD,3117,7725a2a762,8216e1458160
ba4f698502c50fc4,efp,NIGAT,8826,46a8394271,b7d821b0e9f2
b43d47c566090586,dtt,YALET,0170,0fcd53a941,48be77ae2738
1436086bdab5f77b,xok,CHYWM,0386,6ac8e29e13,b3ec4c9d680f
e77af24d868be945,lxe,LJIWG,2556,2f28e000cb,f8ed306909ec
b3b46100c55bd6bb,sab,TMHBL,7138,a74ac3da77,2434dcd4217b
e26d44754607e66c,aby,NIGAT,8170,46a8394271,3e4db7a9ed7c
8b2065240eaa4e29,fzd,UPCKU,8042,57ae0fcd55,3eda23408570
c5c9955bb34b81a5,jpt,UPCKU,3158,ba430e4632,5b7ce5fbd9db
6b2a7f4f4211fcfb,tns,ZEKJN,8405,02f63cfcce,22acaa5ee2f9
beac52db1eb90918,aby,JTKWH,8170,59250740f0,3e4db7a9ed7c
6dda74bad8247cb0,uff,CEJDR,7505,e693e4828c,3ca333a7c9b1
890df43439a7315c,fkk,CHYWM,1892,f3b114f5e4,ae8011b6b2c4
ae7538a4281a2db8,gnd,VNFWT,5670,fa046519c2,9a663624d96b
0c9bdae2657edb21,awn,FWVLQ,5078,82f25730b5,f73feb7a333d
c61b017f90cb0ace,uff,XCGJZ,3653,50af3aca1a,e20da66a42ff
9dc7932edc5642d6,shy,HPETA,2697,b25c347405,4df36ec05fde
5d0f83c787778149,uff,OTHCZ,3653,72e74e1c66,e20da66a42ff
8abbf7ce466d0962,xql,ENVWS,3653,38e629ecca,5b2bd94e56d8
786e1ec81dd040b1,jpt,BRZTN,3018,31d04def64,a29fcdf6471e
55cd4a336149c6a6,uff,VDDSX,3653,7065496652,e20da66a42ff
54527f869a03d5ef,dde,BRZTN,3343,31d04def64,d51c851d3c05
e435c3a38e22fccc,fzd,NXLJI,8042,bb7e53a07a,3eda23408570
2dbd44299cebd847,hrp,JTKWH,0800,59250740f0,5707c008f598
c031cf06bb77006b,aby,VNFWT,0386,fa046519c2,a24ca3be142b
007f54629247e78b,shy,XSKBF,0350,66ae1d234b,0b8bdc12134b
5ad0a57a783ee614,ils,XCGJZ,0350,b8ecfec565,9657c298a267
5f2f9e7b84bdb735,sab,BRZTN,2697,31d04def64,1ff2bed74332
893710d83ea41529,efp,XCGJZ,8826,b8ecfec565,90d7dfbcd946
e8ac0db2f5f70e4a,ifa,JTKWH,5078,59250740f0,c48015c59242
6ed667b58b40e561,hfr,XCGJZ,0818,b8ecfec565,c4832ef1b01d
2f24d0768affcbdf,aax,ZEKJN,8405,05c56ff380,ff03f46a2756
4348be1a3a917f97,xht,VNFWT,3117,a3b7bbf0df,8216e1458160
b3e9be47bb4e7d51,xok,HPETA,0386,968c906f10,b3ec4c9d680f
90ffe4305bfbe235,awn,UPCKU,4452,ab20f98fb4,7f1337a84877
45903bdcff856ce4,xyn,FWVLQ,7975,82f25730b5,99ed5c11aee9
d5a02a844ce59234,nnh,EELBQ,9156,9ba3084eef,ac738fd07b66
5edb6076752fb62c,bhn,HPETA,2508,c4cff9c606,b2da59d1d2db
da7e6d0c74997076,xyn,RQIUV,0173,8ba2c8b56b,1ca2a67f685e
a55bfdcf2b8f8261,ohj,UPCKU,9156,91029d0233,885c01334bcc
832f11627836c915,jpt,UPCKU,3158,94cb44bf24,5b7ce5fbd9db
1efe9a88ef51fdb6,rvt,WFYCU,3896,48912f7da6,70228e2251e3
e4c80f7a63e73e82,bdh,YALET,8826,0fcd53a941,f1691133edc2
1e1916e0fb36ba9b,xql,VDDSX,7505,e323e8827c,67302141b6ab
68588acfa477fd70,xht,YALET,3117,e4e74a5e78,8216e1458160
b9bc57a363bff7a6,xyn,KKCNK,3686,1b78fe465b,4072b61a5e5c
d06cca52050b5ed0,bhn,YALET,2508,c3e95d2b81,b2da59d1d2db
b2f480dc9850757b,ifa,ZEKJN,5078,46cab24bdc,c48015c59242
8651efd3331e6a85,xql,VDDSX,3653,c7dd7e8896,5b2bd94e56d8
3b8582c43d1c7aa6,bdh,LJIWG,8826,609be4e3af,f1691133edc2
7cfee29fed6e011d,cdt,KKCNK,3343,1b78fe465b,8c227b0aa63a
efd9ab9ec03d1ac6,sab,WHMMH,2874,495c88b101,92b397814434
86552700f31d35ae,xyn,VDDSX,0173,7065496652,1ca2a67f685e
d7a4e5d332c97c9f,uff,CHYWM,3653,404c527a26,e20da66a42ff
028816a5317624db,anm,GDHNG,4676,7aacb92ea7,9c02db01a4e7
0dfbc662ac3d3c6a,kuk,JTKWH,8042,fa0918d977,ce1df54e9ee8
fb48cbd1f008773b,dde,XCGJZ,3343,cf6524e0f3,d51c851d3c05
100d3b00cea8c39d,hfr,OEVKM,0818,01a0ea7bc5,c4832ef1b01d
c3e6a8129851fe42,jpt,QFLHF,1365,1518d8a0dd,91fea781defd
67ad0100bbebde9b,uff,VDDSX,3653,955693cf0b,e20da66a42ff
94d8517ede7b2196,jva,ZFXJS,8376,c318f51e32,af47b1f700a3
f5e57a5e19218f5a,xyn,ZEKJN,0173,02f63cfcce,1ca2a67f685e
46697e0775822fd2,hfr,XCGJZ,8042,cf6524e0f3,93e481c1da62
96feae0eff16aa8a,aby,LJIWG,0173,609be4e3af,3a16776a118b
9d120100b7a6040b,aby,XSKBF,7138,66ae1d234b,0ab3bade071e
273a4b81ecb24985,efp,KKCNK,8826,0c35ea85a3,90d7dfbcd946
7c03da331b0bee34,rvt,CEJDR,3896,e693e4828c,70228e2251e3
78a7d85f95c7824a,kuk,OTHCZ,8826,a84aee34e1,a72fc71438da
dbe3eb945a7aaad1,xyn,LJIWG,7975,609be4e3af,99ed5c11aee9
45fb33a2ae62c0c5,efp,ZFXJS,8826,dd00c009fe,90d7dfbcd946
6e37b30f14890e1f,hfr,HPETA,3653,c4cff9c606,7c9a0dc53ddc
2e88f6d64aa3657d,tns,VDDSX,8405,c7dd7e8896,22acaa5ee2f9
e7299baec7a6c49c,ifa,HPETA,5078,74371adadf,c48015c59242
ab22b3ceeed9602e,kuk,JTKWH,8042,8df72049c2,ce1df54e9ee8
6276fa4ff917af9e,tns,XCGJZ,9156,50af3aca1a,1fd2f513160b
b88dad83759d20e2,nvn,NIGAT,6915,46a8394271,1f930fb3b689
44f72e2e645391e0,sab,XCGJZ,2874,cf6524e0f3,92b397814434
1899bd3731e30ae5,nvn,CHYWM,3117,6ac8e29e13,562389d675fb
1d201b946fa9f3d9,awn,JTKWH,4452,fea4d220e8,7f1337a84877
7b0060f486468e13,kuk,NIGAT,2874,46a8394271,56c637eec8e1
5d654456e6ba6a99,hrp,VDDSX,0800,955693cf0b,5707c008f598
ee22314f4877e46b,aax,XXKFD,2508,eb495dd19f,cfb9eb705d84
f262e6ec4ffe9196,xql,ZFXJS,3653,7b86245848,5b2bd94e56d8
6012fde78dca95a6,bdh,EELBQ,8826,8168be9f8a,f1691133edc2
b43bf945914acd9a,nvn,XCGJZ,5840,50af3aca1a,eca3c5cdb3ee
4f45e1655a0ecc4d,jpt,MEFJX,3158,6aa16348af,5b7ce5fbd9db
abb8917dc34a8120,pdf,JTKWH,4432,59250740f0,7dbf94feed18
78cca7ebde48e2ad,tns,EELBQ,2697,9ba3084eef,4abf97c35882
0c574fcbf6a4e46b,nnh,HPETA,9156,968c906f10,ac738fd07b66
065a399332b342f7,fzd,ZEKJN,8551,7d7bcd05fd,254e36fb7c79
1ac24674520cd13e,shy,XCGJZ,3117,cf6524e0f3,0e93b361bd68
9c9decb281513649,tns,UPCKU,9156,ba430e4632,1fd2f513160b
affe74bf0fdd46f6,bdh,HPETA,8826,cb86bc6516,f1691133edc2
bc9dc5d5863b6783,jpt,GDHNG,3018,7aacb92ea7,a29fcdf6471e
55d87f05c514b440,xht,ENVWS,3117,959207d070,8216e1458160
a9dfdc53fb7a163b,efp,UPCKU,8826,3757ef51cc,90d7dfbcd946
2fbd16c452e53607,ifa,XXKFD,5840,5712914ce7,656c91389c29
3473b877afc2f9d1,xok,ZFXJS,0386,dd00c009fe,b3ec4c9d680f
784d0b143ddb3453,hrp,VDDSX,3257,e323e8827c,c91578862ce3
c47d774aa0f2d56f,nnh,OEVKM,9156,01a0ea7bc5,ac738fd07b66
583d05c6e5e6c02d,bdh,YALET,0818,15e5d1cd0a,53290dea0f1d
4b0df3169a3626b3,shy,EELBQ,3117,8168be9f8a,0e93b361bd68
84874ef3e020e2d6,bdh,CHYWM,0818,f3b114f5e4,53290dea0f1d
a65b5ee2e79d2240,ifa,HPETA,5840,cb86bc6516,656c91389c29
e3aa3d598799aae6,nvn,XCGJZ,5840,cf6524e0f3,eca3c5cdb3ee
31323ba2d90a4222,ohj,YALET,9156,15e5d1cd0a,885c01334bcc
1e2ffeb3d153828f,cdt,CHYWM,3343,f3b114f5e4,8c227b0aa63a
cc7034b2bb2994ac,sab,UPCKU,2874,3757ef51cc,92b397814434
cb4d9d9e03ed5919,hrp,TMHBL,3257,a74ac3da77,c91578862ce3
d78d164b2cfd9131,ils,OTHCZ,3018,72e74e1c66,621f9a22bbfc
2e1ca10f71fdfd0a,nvn,HPETA,3117,b25c347405,562389d675fb
38ac1cd8582c7655,sab,UPCKU,2697,3757ef51cc,c9c15003a598
6209cbd3785afe5c,kuk,OEVKM,8826,a0a0bb2f16,a72fc71438da
f6fbef01f5885e6f,uff,KKCNK,7505,99e7450682,3ca333a7c9b1
973466260fae98ca,jpt,ZFXJS,1365,7fef74c1d6,81d3de96600a
94eef187a73a2cbb,ils,UPCKU,3018,80d25e5c87,621f9a22bbfc
e2821ead9c6399fc,aby,XCGJZ,8170,b280d88e15,3e4db7a9ed7c
f5e0ae5fa3346be7,nvn,ZEKJN,5840,7d7bcd05fd,eca3c5cdb3ee
88be006080945931,jpt,YALET,1365,e4e74a5e78,81d3de96600a
752d25994d95cd17,eod,EELBQ,7975,9ba3084eef,d3baab53488b
7bb8c18ca8af3ad1,epe,HPETA,2556,73857b2492,9f9d067bdb11
f8f929ec94b03498,awn,YALET,3158,0fcd53a941,126cec087fac
9b87a042d8fa3d0d,azv,KKCNK,2010,99e7450682,f381f8ea90d6
fa7786cca1c86f8b,fzd,JTKWH,7945,fea4d220e8,b849e7c436ed
9a77b8de98e9a11f,fzd,UPCKU,8042,ab20f98fb4,3eda23408570
f893c6a258abb512,tns,TMHBL,2697,a74ac3da77,4abf97c35882
dbf3344831f33387,uff,EELBQ,3653,8168be9f8a,e20da66a42ff
e41a40815d498ad7,lxe,XSKBF,8116,66ae1d234b,b5c2a1cb50a7
e94bbbd53aaee31d,nvn,WFYCU,3117,01aeca3224,562389d675fb
bea0b3d2ae1a4251,sab,ZEKJN,2697,02f63cfcce,c9c15003a598
916c9797dc981a70,dde,HPETA,7138,74371adadf,e48e7813b586
8ea490af6f735f08,jpt,ZFXJS,1365,c318f51e32,81d3de96600a
f841afd42c79bc73,azv,BRZTN,2010,31d04def64,f381f8ea90d6
970e6b88455518fd,cdt,LJIWG,3368,609be4e3af,7fe26b5821c1
24be4b9b89299e51,fzd,WFYCU,8042,01aeca3224,3eda23408570
29e79819a31f9262,cdt,ZEKJN,3343,615c933689,8c227b0aa63a
e906ff1cffc38382,tns,FWVLQ,2697,82f25730b5,4abf97c35882
b1dd642d0f3f047e,aax,XXKFD,1892,5712914ce7,6f3b3278fa3d
60c6b62bc343eb1f,hkj,AESAY,3158,36ca294b15,a9b60d2f2c45
18b1bc2fbb1e5311,tns,XSKBF,2697,66ae1d234b,4abf97c35882
461114d638eff351,azv,XCGJZ,2010,b8ecfec565,f381f8ea90d6
9b51b65acb68a7a5,ils,FWVLQ,3018,82f25730b5,621f9a22bbfc
9428f756a06f9f2a,epe,XCGJZ,2556,b280d88e15,9f9d067bdb11
a7b0d87186071ff7,aby,EELBQ,7138,9ba3084eef,0ab3bade071e
e27fd762ddc6a5c7,aax,VDDSX,1892,e323e8827c,6f3b3278fa3d
31d5fcddb7f09fb1,eod,ZEKJN,7429,7d7bcd05fd,a9fca9d38e1c
ec98659a4aa41f78,nvn,ZFXJS,6915,7b86245848,1f930fb3b689
9327470b12652b19,epe,FWVLQ,2556,82f25730b5,9f9d067bdb11
af0b22a2cd411dfc,epe,ZEKJN,8826,05c56ff380,f7b9a23d2d85
89a0f3aa506ee775,hrp,JTKWH,3257,8df72049c2,c91578862ce3
98fc118483faa33e,nvn,NXLJI,6915,c541ed02ba,1f930fb3b689
b20ba798db0558ad,lxe,VNFWT,2556,a3b7bbf0df,f8ed306909ec
84dc92a4f19af1f6,awn,HPETA,3158,b25c347405,126cec087fac
9597ca22d2692ace,jpt,UPCKU,3018,80d25e5c87,a29fcdf6471e
d2ea102cc5336dde,cdt,HPETA,3343,73857b2492,8c227b0aa63a
b7a6f0c2cf6874b4,anm,XCGJZ,4676,b8ecfec565,9c02db01a4e7
d2b7bfb40fa7c2db,ifa,GDHNG,5840,7aacb92ea7,656c91389c29
5ff5eb0caff41204,lxe,TMHBL,8116,a74ac3da77,b5c2a1cb50a7
135a8e8ede19cdc3,ils,OTHCZ,0350,a84aee34e1,9657c298a267
cf0d404458cabb53,nvn,UPCKU,5840,ba430e4632,eca3c5cdb3ee
12a0ee0b1e60c728,aby,CHYWM,8170,6ac8e29e13,3e4db7a9ed7c
6e52b6847dbbfeb7,shy,UPCKU,3117,94cb44bf24,0e93b361bd68
ec0e991f930138fd,anm,CEJDR,4676,e693e4828c,9c02db01a4e7
939667cefe8e80ad,nvn,ZEKJN,3117,615c933689,562389d675fb
a51958562045679f,jpt,VDDSX,3018,5909100eed,a29fcdf6471e
7e7f0ec4fffdacd7,hrp,FWVLQ,3257,82f25730b5,c91578862ce3
73114b068c0bd6c6,xht,TMHBL,8826,9dad72e4b8,82355829c88f
96b5cfa0f261089f,xht,WFYCU,3117,01aeca3224,8216e1458160
fead5c16d5ec1771,dau,VDDSX,7975,e323e8827c,ac2b02ef7ee8
49a4c92d464ef294,anm,LJIWG,4432,2f28e000cb,890c045a7aee
4bed78bffe3de0a6,dau,XCGJZ,5078,50af3aca1a,29c25f5c4bbd
3d6172ac2c59d9b2,nnh,NXLJI,3686,5b26232f6f,0a60a40469ad
7d5a2970e533ed2b,aby,AESAY,0350,36ca294b15,a4952398329e
a5d6d0286393a874,azv,VDDSX,1892,955693cf0b,bf702ada3b38
e10bc82eb4a2ff41,efp,XXKFD,8826,5712914ce7,90d7dfbcd946
3dbddf9566766649,syo,HPETA,3257,b94b773c57,1a43bf9171ee
c1e0c96fd87db1b4,xht,ZEKJN,3896,615c933689,1a02163aa6bb
2403d3299deca348,azv,XCGJZ,2874,b8ecfec565,2e3c012a192d
40e143eda9174346,kuk,OTHCZ,2874,72e74e1c66,56c637eec8e1
36bdc0e2837a377c,awn,UPCKU,4452,57ae0fcd55,7f1337a84877
7420c37831359b50,aby,XCGJZ,0350,b8ecfec565,a4952398329e
3f77a0a483ed45da,sab,UPCKU,2874,80d25e5c87,92b397814434
83fac6d0beabf87e,jpt,OEVKM,3018,a0a0bb2f16,a29fcdf6471e
cf18c139e3a2b8f0,lxe,XCGJZ,2556,b280d88e15,f8ed306909ec
85c37a368d8e8b2d,ifa,ZFXJS,5840,7fef74c1d6,656c91389c29
6cd06e24193fbae8,nnh,OEVKM,3686,01a0ea7bc5,0a60a40469ad
da6012be56f2d035,pdf,EELBQ,4432,8168be9f8a,7dbf94feed18
590de06160b9f55b,hrp,ZFXJS,3257,7fef74c1d6,c91578862ce3
0f79332b45b5e770,awn,ZFXJS,5078,7fef74c1d6,f73feb7a333d
1ae39bd88d7417fc,sab,NIGAT,2697,e66b861988,1ff2bed74332
4568f0f60fe69524,anm,XCGJZ,4432,b8ecfec565,890c045a7aee
6ce0ab3c3afb0a26,tns,UPCKU,9156,ab20f98fb4,1fd2f513160b
dd8a564b4f03f872,aax,ZFXJS,1892,c318f51e32,6f3b3278fa3d
17630fa4c14d87ef,eod,ENVWS,7429,38e629ecca,a9fca9d38e1c
296feeca6320d2d8,aby,NIGAT,0386,958cae8084,a24ca3be142b
e0d1a61474ce0634,dau,CHYWM,5078,f3b114f5e4,29c25f5c4bbd
43f989db9a9d9f88,xok,CEJDR,0386,e693e4828c,b3ec4c9d680f
5d6354696b7698eb,azv,OTHCZ,2010,a85c233ebd,f381f8ea90d6
56c4b33330f200e5,xql,ZEKJN,3653,7d7bcd05fd,5b2bd94e56d8
cb3112c8126819fb,aby,CHYWM,7138,f3b114f5e4,0ab3bade071e
19225e85e1e68cf8,fkk,MEFJX,1892,6aa16348af,ae8011b6b2c4
ab0e3d5b6a6b7e62,nnh,XSKBF,3686,66ae1d234b,0a60a40469ad
a700fbf5b8b2f5b4,awn,QFLHF,5078,b594f3fd13,f73feb7a333d
8d7a296ed3cabbe1,xht,BRZTN,3896,31d04def64,1a02163aa6bb
42430134ce3de374,ifa,VDDSX,5840,fb424adf68,656c91389c29
30d5b269d7b020bc,xyn,HPETA,0173,b94b773c57,1ca2a67f685e
5b812bf78feba502,aby,EELBQ,0350,9ba3084eef,a4952398329e
a144764015119d44,dau,ZFXJS,5078,6605adaff2,29c25f5c4bbd
3062ee934f0baa2d,pdf,ZFXJS,8170,6605adaff2,7f083fee6747
c1f9ddb65bbd5eb5,pdf,VNFWT,8170,a3b7bbf0df,7f083fee6747
ca176f50cd240b6e,lxe,XXKFD,2556,5712914ce7,f8ed306909ec
63356614106279ea,tns,XCGJZ,9156,50af3aca1a,1fd2f513160b
eb8dd295fd554225,aby,QFLHF,8170,1518d8a0dd,3e4db7a9ed7c
e43672cf6234e3a6,aax,YALET,8405,c3e95d2b81,ff03f46a2756
d64978d084f7f2b1,hrp,OTHCZ,3257,72e74e1c66,c91578862ce3
747bfea269406a10,xht,UPCKU,3896,b62da6b184,1a02163aa6bb
00787b7085806300,aby,WHMMH,0350,495c88b101,a4952398329e
f6dababa2c929d08,xht,JTKWH,3117,8df72049c2,8216e1458160
ad92d01185a2e14f,kuk,EELBQ,8042,8168be9f8a,ce1df54e9ee8
c013517127715ead,aby,ZEKJN,0350,02f63cfcce,a4952398329e
179ec0348ff023d7,dau,UPCKU,7975,ba430e4632,ac2b02ef7ee8
f03b874993e658cb,efp,RQIUV,8826,8ba2c8b56b,b7d821b0e9f2
30e98544078adff8,aby,NIGAT,0173,e66b861988,3a16776a118b
799852fa3776e017,hfr,ZFXJS,3653,dd00c009fe,7c9a0dc53ddc
28dabc682e0ffd62,awn,CEJDR,4452,e693e4828c,7f1337a84877
0ed61e11d883fbdf,awn,AESAY,5078,36ca294b15,f73feb7a333d
875ca02b4c0553f6,pdf,ZFXJS,4432,7b86245848,7dbf94feed18
7a48ee1d474675c6,kuk,XXKFD,2874,7725a2a762,56c637eec8e1
941e954ecb5db725,jpt,XXKFD,1365,eb495dd19f,81d3de96600a
2be3308df46128d3,xyn,KKCNK,3686,0c35ea85a3,4072b61a5e5c
50579cfc1a87759b,aax,UPCKU,2508,ab20f98fb4,cfb9eb705d84
09dabba2a04e22ee,dtt,ENVWS,0170,959207d070,48be77ae2738
6687f2dc0a365eae,jpt,MEFJX,3158,6aa16348af,5b7ce5fbd9db
3a177bf484e4341c,jpt,OEVKM,1365,a0a0bb2f16,91fea781defd
85fa04a79c933fe7,nvn,XCGJZ,5840,cf6524e0f3,eca3c5cdb3ee
fe0b435d1c9f1fcb,aax,UPCKU,8405,91029d0233,ff03f46a2756
769c1e0b3414b629,dau,ENVWS,5078,38e629ecca,29c25f5c4bbd
f9b0f9a13c45f048,sab,HPETA,2697,c4cff9c606,1ff2bed74332
bcf5e398a9299bb3,dau,HPETA,3653,73857b2492,fe629cd71346
ea3fbaec1fca8f3d,hfr,KKCNK,0818,0c35ea85a3,c4832ef1b01d
8a9103ad654e3f61,lxe,OTHCZ,2556,a85c233ebd,f8ed306909ec
751c93ccd4f23802,jva,UPCKU,8376,94cb44bf24,af47b1f700a3
c2f417f06588d762,azv,VNFWT,1892,fa046519c2,bf702ada3b38
65ccc20e1ef915a5,cdt,XXKFD,5360,7725a2a762,29ec37bb674d
d7159fda2ce4be77,qup,CHYWM,8551,6ac8e29e13,57585ad7d9d8
c96bdfa660b502a1,eod,HPETA,7975,74371adadf,d3baab53488b
88e0c39bbbb5801f,lxe,OEVKM,8116,01a0ea7bc5,b5c2a1cb50a7
fb5c38c3fead287b,dde,ZEKJN,7138,615c933689,e48e7813b586
5af2af2487ce5caf,bhn,UPCKU,2508,91029d0233,b2da59d1d2db
6e5949b1c20b0511,ifa,NXLJI,3806,c541ed02ba,e6d88001c0d9
078701eb8e14ce20,kuk,XCGJZ,8042,50af3aca1a,ce1df54e9ee8
2168b3857747616e,efp,KKCNK,7138,ac3b04f2bf,6dcaf75744de
8e10a9a10ccbc597,aby,XCGJZ,8170,50af3aca1a,3e4db7a9ed7c
ac3ef8d01d90d88e,nvn,JTKWH,3117,59250740f0,562389d675fb
14359752d9ea7317,cdt,NXLJI,3368,021a34bca1,7fe26b5821c1
0f675e621b5ee742,aby,ZEKJN,8170,615c933689,3e4db7a9ed7c
8efb12e32be535df,nvn,MEFJX,5840,6aa16348af,eca3c5cdb3ee
4796d5649425b856,dau,XXKFD,5078,5712914ce7,29c25f5c4bbd
7f70882df66ae09a,xql,ZFXJS,3653,dd00c009fe,5b2bd94e56d8
a8893be5581112a0,xyn,NXLJI,0173,bb7e53a07a,1ca2a67f685e
b97f670319ff992c,efp,MEFJX,8826,6aa16348af,b7d821b0e9f2
8b5f17ae26f5baf4,ohj,HPETA,9156,74371adadf,885c01334bcc
47e8985cf6a8c0e2,pdf,UPCKU,8170,3757ef51cc,7f083fee6747
217597ce782cb317,xyn,ENVWS,3686,38e629ecca,4072b61a5e5c
d4cf47e099fcd6b1,ifa,UPCKU,5840,3757ef51cc,656c91389c29
6a0e17af5ee589c4,hrp,BRZTN,3257,31d04def64,c91578862ce3
7de298de9060a689,dde,UPCKU,3343,ba430e4632,d51c851d3c05
986b68f1a26903ed,ese,XCGJZ,5159,50af3aca1a,46b66738837b
c8d6f0cd1808f6f2,awn,HPETA,3158,74371adadf,126cec087fac
0341fdcec11e88ae,cdt,ZEKJN,3368,02f63cfcce,7fe26b5821c1
22399193627feee4,ifa,KKCNK,5078,99e7450682,c48015c59242
c02594bd8cedcf50,dau,UPCKU,5078,80d25e5c87,29c25f5c4bbd
4958814812b531ad,fzd,NIGAT,8551,e66b861988,254e36fb7c79
b9a34c8b53eb4463,xql,HPETA,7505,73857b2492,67302141b6ab
c63858d5db9a80e7,cdt,LJIWG,3343,2f28e000cb,8c227b0aa63a
f3c487e4b66830f7,xyn,CEJDR,7975,e693e4828c,99ed5c11aee9
0b400eea30a8fa47,epe,TMHBL,8826,9874b1177e,f7b9a23d2d85
68d2ec68c4723204,ifa,VDDSX,5840,5909100eed,656c91389c29
d8c50a140f2045fc,aby,OTHCZ,0173,a84aee34e1,3a16776a118b
591b02ff8baf526c,uff,TMHBL,3653,a74ac3da77,e20da66a42ff
bbc50e7e01c4f7e4,wap,NXLJI,4676,021a34bca1,67d3465c632b
683f0aa3e7f51447,sab,OTHCZ,2697,a85106db31,1ff2bed74332
51dad1d10af65906,sab,YALET,2697,15e5d1cd0a,1ff2bed74332
7aa102bb32431cf9,pdf,TMHBL,8170,a74ac3da77,7f083fee6747
955f78bddd26d4bc,ifa,UPCKU,5840,ba430e4632,656c91389c29
36bed3cc32c7692d,awn,XCGJZ,5078,b280d88e15,f73feb7a333d
7c55910c053e0df5,jpt,NXLJI,1365,5b26232f6f,91fea781defd
04ea3b6c6ca103a5,xyn,HPETA,7975,968c906f10,99ed5c11aee9
f40adec89c7913a8,shy,JTKWH,2697,fa0918d977,4df36ec05fde
e709c98ec18725ce,uff,UPCKU,7505,3757ef51cc,3ca333a7c9b1
a5e8f182fbeeb67d,eod,HPETA,7429,b94b773c57,a9fca9d38e1c
d8e5f0259942e8e0,sab,ZEKJN,2874,02f63cfcce,92b397814434
207b588bf32833a3,aby,YALET,8170,0fcd53a941,3e4db7a9ed7c
2b595d8eb806d46d,hfr,YALET,3653,0fcd53a941,7c9a0dc53ddc
3fae9d1a8211b184,fkk,WFYCU,1892,01aeca3224,ae8011b6b2c4
ea8c5f3ba532781c,fkk,CHYWM,1892,404c527a26,ae8011b6b2c4
c5cd2f7d8a8b6230,azv,WFYCU,2010,01aeca3224,f381f8ea90d6
f14b2e1e4366bd82,xyn,WFYCU,7975,48912f7da6,99ed5c11aee9
91122b18806362a0,jpt,JTKWH,3158,59250740f0,5b7ce5fbd9db
a7a6706a68e68904,tns,RQIUV,9156,28f1a3b7d2,1fd2f513160b
0598b7164bbdf7f7,shy,CHYWM,2697,f3b114f5e4,4df36ec05fde
859ee9407bfbed51,qup,UPCKU,8551,80d25e5c87,57585ad7d9d8
e11d253d733da06b,tns,XCGJZ,8405,b8ecfec565,22acaa5ee2f9
f72df50232822ae9,eod,HPETA,7429,73857b2492,a9fca9d38e1c
5ffba1963fb30be5,awn,HPETA,3158,802e2b8c4b,126cec087fac
d3860cddaf99ba38,dtt,LJIWG,0170,609be4e3af,48be77ae2738
483481b125c12a7d,xok,ZEKJN,0386,7d7bcd05fd,b3ec4c9d680f
cbc65743120f7e87,jpt,RQIUV,3018,28f1a3b7d2,a29fcdf6471e
ebbe456425d4fc39,nnh,UPCKU,3686,ba430e4632,0a60a40469ad
f092c6dc96f027e1,ils,VDDSX,0350,e323e8827c,9657c298a267
fea1578a1e9c74a1,lxe,XXKFD,2556,5712914ce7,f8ed306909ec
a5ee1ea566ab6701,eod,UPCKU,7975,80d25e5c87,d3baab53488b
413528a193e989c2,tns,BRZTN,9156,31d04def64,1fd2f513160b
9b5a039fdb32d703,nvn,LJIWG,5840,609be4e3af,eca3c5cdb3ee
882896c5461f71a4,aax,UPCKU,1892,ba430e4632,6f3b3278fa3d
6d2b6b7dac4d65a0,aby,XXKFD,8170,7725a2a762,3e4db7a9ed7c
ed782f03a519d3a2,ifa,UPCKU,5078,ab20f98fb4,c48015c59242
fb6e574e75cbbc2d,dau,ZEKJN,3653,05c56ff380,23a775a3f548
9e80d7e751032c11,epe,RQIUV,8826,28f1a3b7d2,f7b9a23d2d85
8a8e20536b9816f0,hrp,HPETA,3257,c4cff9c606,c91578862ce3
5d3170463518a4b5,gnd,NXLJI,5670,021a34bca1,9a663624d96b
135e94b9bf96a8fb,aax,XXKFD,8405,eb495dd19f,ff03f46a2756
5e1f85080a5f5d07,azv,QFLHF,1892,1518d8a0dd,bf702ada3b38
2d457bc905860308,anm,YALET,4676,e4e74a5e78,9c02db01a4e7
9501d75fb1beab1f,pdf,VDDSX,8170,7065496652,7f083fee6747
14bb779ad3cdaf6d,lxe,ENVWS,8116,959207d070,b5c2a1cb50a7
11a485c254b42cd3,jpt,VDDSX,3018,955693cf0b,a29fcdf6471e
38afb306c02dcf2a,pdf,XCGJZ,8170,50af3aca1a,7f083fee6747
d1d9dd510a75b374,epe,KKCNK,2556,ac3b04f2bf,9f9d067bdb11
6a3a17dae1ae46de,aby,VDDSX,7138,7065496652,0ab3bade071e
7d8df4f2836d3e8e,ohj,UPCKU,9156,b62da6b184,885c01334bcc
19c109ea63882c2b,ifa,OTHCZ,3806,a85106db31,e6d88001c0d9
e9ee91dfef736ef9,dde,VDDSX,7138,955693cf0b,e48e7813b586
8ea572983c847512,hfr,XXKFD,0818,5712914ce7,c4832ef1b01d
f0dceefdde4787b7,sab,HPETA,7138,802e2b8c4b,2434dcd4217b
69c85b7642fcd3bb,wap,XXKFD,4676,5712914ce7,67d3465c632b
8f3dfb49a7c8ac8c,aby,TMHBL,0350,9874b1177e,a4952398329e
f7b00c45c942ec7c,shy,ZEKJN,0350,615c933689,0b8bdc12134b
81b441b869be9166,aby,XCGJZ,0173,b8ecfec565,3a16776a118b
b91651e0af9725c7,dtt,ZEKJN,0170,46cab24bdc,48be77ae2738
75159e484fd3ae58,aby,EELBQ,0386,9ba3084eef,a24ca3be142b
8b74ec0234266119,cdt,ENVWS,3368,38e629ecca,7fe26b5821c1
1bcb3a843f7fa807,cdt,VNFWT,3343,fa046519c2,8c227b0aa63a
417e0a998ff0ff24,tns,CHYWM,9156,404c527a26,1fd2f513160b
1f40f90a5051c884,bdh,YALET,8826,0fcd53a941,f1691133edc2
ea695ed1c6facec0,xht,UPCKU,8826,ab20f98fb4,82355829c88f
7b326d299f748b9c,ese,NXLJI,5159,c541ed02ba,46b66738837b
3bdb1a41364f2fcc,hfr,TMHBL,3653,9dad72e4b8,7c9a0dc53ddc
46bb946a64ed9078,dau,QFLHF,5078,1518d8a0dd,29c25f5c4bbd
3917ebd4e88ec193,sab,NIGAT,2874,958cae8084,92b397814434
c1703139a0d9c569,ifa,HPETA,3806,74371adadf,e6d88001c0d9
f29d96380de7feaa,kuk,FWVLQ,2874,82f25730b5,56c637eec8e1
a9ef1b8630b24754,jpt,VDDSX,3018,f6e6498daa,a29fcdf6471e
d19f330a299830de,epe,NIGAT,8826,e66b861988,f7b9a23d2d85
8b4520c147cfa9d9,nnh,KKCNK,9156,1b78fe465b,ac738fd07b66
32ad05ca1ec5c83f,xyn,XSKBF,0173,66ae1d234b,1ca2a67f685e
66f45449034f9ef8,hkj,XXKFD,3158,eb495dd19f,a9b60d2f2c45
fd085b34dc922a90,sab,OTHCZ,2697,a85c233ebd,1ff2bed74332
83ae37da61b2c988,dde,RQIUV,7138,8ba2c8b56b,e48e7813b586
7953dd3144f7d2f8,nnh,UPCKU,9156,80d25e5c87,ac738fd07b66
07eaea825a1efa56,lxe,ENVWS,2556,38e629ecca,f8ed306909ec
e2ce633755433cc6,qup,LJIWG,8551,609be4e3af,57585ad7d9d8
74e96af0c97866c6,hfr,TMHBL,8042,a74ac3da77,93e481c1da62
a4bb74c52f73ebdf,aby,TMHBL,7138,9dad72e4b8,0ab3bade071e
9f799b79964c359f,sab,VDDSX,2874,fb424adf68,92b397814434
b2328f23e904fe7f,awn,UPCKU,5078,ba430e4632,f73feb7a333d
101d28be4ebcbe50,lxe,UPCKU,8116,91029d0233,b5c2a1cb50a7
9fdabd2320c9bbf8,cdt,NXLJI,5360,021a34bca1,29ec37bb674d
a60886e8f7f06d6f,hrp,BRZTN,3257,31d04def64,c91578862ce3
938e00e1839ac4a3,azv,RQIUV,2874,8ba2c8b56b,2e3c012a192d
2d914726f6a36e63,nvn,ZFXJS,6915,7fef74c1d6,1f930fb3b689
1dbd55877d34ab55,xyn,YALET,3686,c3e95d2b81,4072b61a5e5c
eb740727992c94ff,efp,UPCKU,8826,ab20f98fb4,90d7dfbcd946
ab2d562169cd79fa,shy,WHMMH,2697,495c88b101,4df36ec05fde
ccd35a7b1abbb1be,jpt,ZFXJS,3158,7fef74c1d6,5b7ce5fbd9db
33ec4109f5a711d1,xyn,BRZTN,7975,b56db406b5,99ed5c11aee9
7ca7aa9ebfccd2f2,qup,GDHNG,8551,7aacb92ea7,57585ad7d9d8
cbb8dcded3cce3ad,aby,UPCKU,0173,ab20f98fb4,3a16776a118b
2a5a201c82e57e66,dau,NXLJI,3653,bb7e53a07a,23a775a3f548
460f1da91836944f,azv,VDDSX,2010,fb424adf68,f381f8ea90d6
9fa8777a4d73135f,pdf,OEVKM,4432,01a0ea7bc5,7dbf94feed18
3200c77d468c0ace,dtt,JTKWH,3018,8df72049c2,9ff5d0fa3318
c85b2345e8179024,azv,OEVKM,1892,01a0ea7bc5,bf702ada3b38
790f222e68effa3b,bhn,OTHCZ,2508,a85c233ebd,b2da59d1d2db
762fdfd4d8a4a8a9,sab,JTKWH,2874,59250740f0,92b397814434
ba111870afef4d63,aby,NIGAT,0173,46a8394271,3a16776a118b
aaf85f7d9e2fa7f2,fzd,YALET,8551,c3e95d2b81,254e36fb7c79
16375df4ed8e2d7f,xyn,XXKFD,0173,7725a2a762,1ca2a67f685e
ef2af71b111d5193,aby,UPCKU,3806,57ae0fcd55,6fba64a9cd87
3875a229d9b45b4e,hkj,UPCKU,3158,80d25e5c87,a9b60d2f2c45
b1120b6dfeb3a484,fkk,RQIUV,1892,28f1a3b7d2,ae8011b6b2c4
dbe4708cbb031e73,fzd,ZFXJS,8042,6605adaff2,3eda23408570
e9cc02e69e9a9f5b,fzd,UPCKU,7945,80d25e5c87,b849e7c436ed
fb718de413f83b5c,ifa,AESAY,5078,36ca294b15,c48015c59242
e74b044759747cb6,xht,UPCKU,3117,3757ef51cc,8216e1458160
60587919ec3aed7b,azv,MEFJX,2010,6aa16348af,f381f8ea90d6
b3f07534c4a75899,aby,XXKFD,0350,eb495dd19f,a4952398329e
6eb805011610b6a3,dde,JTKWH,7138,59250740f0,e48e7813b586
83340129798493e7,xql,TMHBL,7505,b27e97d876,67302141b6ab
e6f1403c0824bc1e,azv,BRZTN,1892,31d04def64,bf702ada3b38
b369fa6c73f1ab47,ils,ZEKJN,0350,7d7bcd05fd,9657c298a267
792142b9941c16d2,dtt,KKCNK,3018,0c35ea85a3,9ff5d0fa3318
42c4e789ddada475,kuk,AOEID,2874,323d5c7a3e,56c637eec8e1
fb005d7f511568de,xyn,ZEKJN,7975,615c933689,99ed5c11aee9
7dee4043fbccd624,dau,AOEID,3653,323d5c7a3e,23a775a3f548
2ad3ee4adb810331,fzd,ZEKJN,7945,46cab24bdc,b849e7c436ed
168595d090f56172,aby,UPCKU,0386,57ae0fcd55,a24ca3be142b
4d41ad0ce068cc65,ils,AESAY,3018,36ca294b15,621f9a22bbfc
38364e0ea83bb2fa,xyn,EELBQ,3686,9ba3084eef,4072b61a5e5c
80d3b6d688bc247e,aax,HPETA,8405,74371adadf,ff03f46a2756
36cb4de23ff024f6,dau,CEJDR,5078,e693e4828c,29c25f5c4bbd
2e1d00c645e060d5,jpt,VDDSX,1365,955693cf0b,81d3de96600a
56341286876a12cf,aby,NIGAT,3806,e66b861988,6fba64a9cd87
a817fb1a8f63d7ee,hrp,RQIUV,0800,8ba2c8b56b,5707c008f598
855f23ee5389edbb,fzd,UPCKU,8551,91029d0233,254e36fb7c79
1bed2d6fa82ec471,ils,NXLJI,3018,e15b184478,621f9a22bbfc
dfefd1ab5e7c3497,jpt,XCGJZ,3018,b280d88e15,a29fcdf6471e
bad599631da89842,cdt,HPETA,5360,b94b773c57,29ec37bb674d
49bbb0b2be473fea,bdh,VDDSX,8826,955693cf0b,f1691133edc2
c2d8d5d6b1ee20f9,azv,UPCKU,2874,3757ef51cc,2e3c012a192d
8cd0787740c59ffc,efp,JTKWH,8826,8df72049c2,90d7dfbcd946
a784246bbf20cec0,xyn,KKCNK,0173,0c35ea85a3,1ca2a67f685e
0963b7359c81629c,aby,OTHCZ,0173,a85c233ebd,3a16776a118b
81265a2822a440b3,aby,ZFXJS,7138,c318f51e32,0ab3bade071e
f08eb6006d41bd0a,rvt,JTKWH,3896,fea4d220e8,70228e2251e3
68f58ee9db010085,kuk,KKCNK,2874,0c35ea85a3,56c637eec8e1
cfd94d91097d238d,uff,FWVLQ,7505,82f25730b5,3ca333a7c9b1
9dc81276218872ae,shy,VDDSX,2697,7065496652,4df36ec05fde
ef207c540e6a682c,efp,UPCKU,8826,ab20f98fb4,b7d821b0e9f2
c3d9edc4fd632339,hfr,XCGJZ,3653,b8ecfec565,7c9a0dc53ddc
a8d537d08d42bd95,azv,ENVWS,1892,38e629ecca,bf702ada3b38
bb9d44f50c45da88,fzd,NIGAT,8551,46a8394271,254e36fb7c79
9f063ff57f9dbffa,ifa,TMHBL,5078,9dad72e4b8,c48015c59242
326e28b039f3d016,tns,XXKFD,2697,7725a2a762,4abf97c35882
dbd233d9dbfeb2bd,epe,XXKFD,2556,eb495dd19f,9f9d067bdb11
4aaa68b74261a4d8,dau,TMHBL,5078,a74ac3da77,29c25f5c4bbd
6b54713ee5a08b3e,uff,FWVLQ,7505,fdccf26914,3ca333a7c9b1
dceca9241ea25eb9,aby,WFYCU,7138,48912f7da6,0ab3bade071e
6b976565a8ff133d,anm,HPETA,4676,b94b773c57,9c02db01a4e7
96ecb5d32958020f,dde,ZFXJS,3343,6605adaff2,d51c851d3c05
f6dbc8f2cbb93e79,shy,RQIUV,0350,1718005dd9,0b8bdc12134b
6187ccb3eef9dc3b,dtt,ZFXJS,3018,c318f51e32,9ff5d0fa3318
d680632a8c9cbbba,sab,OTHCZ,2697,a85c233ebd,c9c15003a598
2c45b52619cf4521,ifa,CEJDR,3806,e693e4828c,e6d88001c0d9
9c73e666d6ad2ddf,dde,YALET,7138,15e5d1cd0a,e48e7813b586
b64dc57c19f1bc21,hkj,MEFJX,3158,6aa16348af,a9b60d2f2c45
5bf4d655db929f70,cdt,VNFWT,5360,fa046519c2,29ec37bb674d
12aebefd085d4bd2,dau,VDDSX,5078,5909100eed,29c25f5c4bbd
3f4fc017a4677b62,xht,JTKWH,8826,fea4d220e8,82355829c88f
0d7714ba76abcfa2,eod,WHMMH,7429,495c88b101,a9fca9d38e1c
d602c536ef4fd93c,xht,LJIWG,3896,2f28e000cb,1a02163aa6bb
651bc23cc73be592,awn,ZEKJN,4452,615c933689,7f1337a84877
3a13a75abc561e7d,fzd,KKCNK,7945,99e7450682,b849e7c436ed
460bc12ac55c77ad,efp,CHYWM,7138,404c527a26,6dcaf75744de
0b3766cf6bdc8b42,aby,UPCKU,0350,ab20f98fb4,a4952398329e
e346627834c8f789,aby,LJIWG,0350,609be4e3af,a4952398329e
fe823bc5d40a4454,dtt,WFYCU,3018,01aeca3224,9ff5d0fa3318
e8f6f73c797fd13c,fzd,ZFXJS,8551,7fef74c1d6,254e36fb7c79
62d714ac28a5d5d8,jva,UPCKU,8376,b62da6b184,af47b1f700a3
5e9532e48b374266,jpt,NXLJI,1365,021a34bca1,81d3de96600a
d06ee1701d17bc68,pdf,HPETA,8170,802e2b8c4b,7f083fee6747
8e536c1db6b0beeb,aby,NXLJI,8170,5b26232f6f,3e4db7a9ed7c
c0ddd7a4e7425752,uff,CEJDR,7505,e693e4828c,3ca333a7c9b1
c08d971f6772d570,anm,QFLHF,4432,1518d8a0dd,890c045a7aee
c62760c396d459be,xht,UPCKU,8826,94cb44bf24,82355829c88f
af9d5fb5b30f3c5b,shy,XCGJZ,3117,cf6524e0f3,0e93b361bd68
eb0184e23e32f4c1,uff,CHYWM,7505,404c527a26,3ca333a7c9b1
7422508bcdcf3e6b,bhn,JTKWH,2508,59250740f0,b2da59d1d2db
581bb50d02bee97f,ifa,CHYWM,5078,404c527a26,c48015c59242
71de1ce320c3740e,aby,AOEID,0386,323d5c7a3e,a24ca3be142b
b75ef976d0b0e883,gnd,CHYWM,5670,404c527a26,9a663624d96b
8294800943983cad,xyn,HPETA,7975,73857b2492,99ed5c11aee9
74748582c832ecd5,syo,CHYWM,3257,f3b114f5e4,1a43bf9171ee
325195cddae579f1,aby,NIGAT,0386,46a8394271,a24ca3be142b
744b2608ad14960d,ifa,ZEKJN,3806,7d7bcd05fd,e6d88001c0d9
23936aa54d99e522,syo,VDDSX,3257,f6e6498daa,1a43bf9171ee
b37fbd3cb559248e,gnd,EELBQ,5670,8168be9f8a,9a663624d96b
96992017b0b35a15,sab,HPETA,7138,b25c347405,2434dcd4217b
3b2b73dd8e8aa12a,jpt,FWVLQ,1365,fdccf26914,91fea781defd
6a6a5e7c1df645b6,bdh,ZEKJN,0818,615c933689,53290dea0f1d
d0a2054405a43ade,aax,NIGAT,8405,958cae8084,ff03f46a2756
95f27a44bb1d57f4,tns,QFLHF,9156,1518d8a0dd,1fd2f513160b
ae26e333a0f5759b,lxe,YALET,8116,0fcd53a941,b5c2a1cb50a7
a9bbad2a3ef7d6a4,sab,VDDSX,2697,7065496652,1ff2bed74332
c7dba8335f7d7cc3,azv,XXKFD,2010,eb495dd19f,f381f8ea90d6
e59b154c8f1d70db,cdt,TMHBL,3368,a74ac3da77,7fe26b5821c1
fcffec077b16c08d,jva,YALET,8376,e4e74a5e78,af47b1f700a3
1175fef5720ca360,nvn,UPCKU,5840,ab20f98fb4,eca3c5cdb3ee
092efe843464c7df,jpt,UPCKU,1365,ba430e4632,91fea781defd
1706989d37c74491,aby,FWVLQ,0173,82f25730b5,3a16776a118b
5230178d4e1caea5,nnh,VNFWT,9156,fa046519c2,ac738fd07b66
c061be8f70b70c55,kuk,EELBQ,8042,8168be9f8a,ce1df54e9ee8
c4f645d6ac75be33,awn,ZEKJN,5078,02f63cfcce,f73feb7a333d
92f06be2e1629973,nvn,ZFXJS,3117,dd00c009fe,562389d675fb
37bc211c3ced642c,ils,QFLHF,0350,b594f3fd13,9657c298a267
7a12f2f94a8d29bb,dde,LJIWG,7138,609be4e3af,e48e7813b586
305e57e12741f361,uff,XCGJZ,7505,cf6524e0f3,3ca333a7c9b1
b84d01f2cb775a4d,kuk,XCGJZ,8826,b280d88e15,a72fc71438da
dcb6539a22a79253,fzd,VDDSX,8042,fb424adf68,3eda23408570
4af9a43ed3ad111a,nnh,KKCNK,3686,99e7450682,0a60a40469ad
66076e45373afa0a,ese,XCGJZ,3896,cf6524e0f3,6b0417d17725
31007de4bebc8ca9,dde,UPCKU,3343,80d25e5c87,d51c851d3c05
14a7ba416eea26f5,aax,RQIUV,8405,28f1a3b7d2,ff03f46a2756
6aaa96f415575792,dau,RQIUV,7975,8ba2c8b56b,ac2b02ef7ee8
c380325bb9408c52,fkk,XXKFD,1892,7725a2a762,ae8011b6b2c4
4ebef377753087d4,fzd,UPCKU,8551,ba430e4632,254e36fb7c79
ab141bcdec8b4e74,hkj,TMHBL,3158,a74ac3da77,a9b60d2f2c45
8069e72e63378d70,cdt,OTHCZ,3368,a85106db31,7fe26b5821c1
2cb32bd0a16242de,lxe,VDDSX,2556,fb424adf68,f8ed306909ec
acf484d089e63bb7,epe,XSKBF,2556,66ae1d234b,9f9d067bdb11
d4a2f2f75fd40758,wap,VDDSX,4676,e323e8827c,67d3465c632b
9a07b8da391e22be,bdh,KKCNK,0818,0c35ea85a3,53290dea0f1d
